--
-- PostgreSQL database dump
--

-- Dumped from database version 12.9 (Ubuntu 12.9-2.pgdg20.04+1)
-- Dumped by pg_dump version 12.9 (Ubuntu 12.9-2.pgdg20.04+1)

SET statement_timeout = 0;
SET lock_timeout = 0;
SET idle_in_transaction_session_timeout = 0;
SET client_encoding = 'UTF8';
SET standard_conforming_strings = on;
SELECT pg_catalog.set_config('search_path', '', false);
SET check_function_bodies = false;
SET xmloption = content;
SET client_min_messages = warning;
SET row_security = off;

DROP DATABASE universe;
--
-- Name: universe; Type: DATABASE; Schema: -; Owner: freecodecamp
--

CREATE DATABASE universe WITH TEMPLATE = template0 ENCODING = 'UTF8' LC_COLLATE = 'C.UTF-8' LC_CTYPE = 'C.UTF-8';


ALTER DATABASE universe OWNER TO freecodecamp;

\connect universe

SET statement_timeout = 0;
SET lock_timeout = 0;
SET idle_in_transaction_session_timeout = 0;
SET client_encoding = 'UTF8';
SET standard_conforming_strings = on;
SELECT pg_catalog.set_config('search_path', '', false);
SET check_function_bodies = false;
SET xmloption = content;
SET client_min_messages = warning;
SET row_security = off;

SET default_tablespace = '';

SET default_table_access_method = heap;

--
-- Name: galaxy; Type: TABLE; Schema: public; Owner: freecodecamp
--

CREATE TABLE public.galaxy (
    galaxy_id integer NOT NULL,
    name character varying(40) NOT NULL,
    age_in_millions_of_years numeric(5,2),
    description text,
    galaxy_types_id integer
);


ALTER TABLE public.galaxy OWNER TO freecodecamp;

--
-- Name: galaxy_galaxy_id_seq; Type: SEQUENCE; Schema: public; Owner: freecodecamp
--

CREATE SEQUENCE public.galaxy_galaxy_id_seq
    AS integer
    START WITH 1
    INCREMENT BY 1
    NO MINVALUE
    NO MAXVALUE
    CACHE 1;


ALTER TABLE public.galaxy_galaxy_id_seq OWNER TO freecodecamp;

--
-- Name: galaxy_galaxy_id_seq; Type: SEQUENCE OWNED BY; Schema: public; Owner: freecodecamp
--

ALTER SEQUENCE public.galaxy_galaxy_id_seq OWNED BY public.galaxy.galaxy_id;


--
-- Name: galaxy_types; Type: TABLE; Schema: public; Owner: freecodecamp
--

CREATE TABLE public.galaxy_types (
    galaxy_types_id integer NOT NULL,
    name character varying(64) NOT NULL,
    description text
);


ALTER TABLE public.galaxy_types OWNER TO freecodecamp;

--
-- Name: galaxy_types_galaxy_type_id_seq; Type: SEQUENCE; Schema: public; Owner: freecodecamp
--

CREATE SEQUENCE public.galaxy_types_galaxy_type_id_seq
    AS integer
    START WITH 1
    INCREMENT BY 1
    NO MINVALUE
    NO MAXVALUE
    CACHE 1;


ALTER TABLE public.galaxy_types_galaxy_type_id_seq OWNER TO freecodecamp;

--
-- Name: galaxy_types_galaxy_type_id_seq; Type: SEQUENCE OWNED BY; Schema: public; Owner: freecodecamp
--

ALTER SEQUENCE public.galaxy_types_galaxy_type_id_seq OWNED BY public.galaxy_types.galaxy_types_id;


--
-- Name: moon; Type: TABLE; Schema: public; Owner: freecodecamp
--

CREATE TABLE public.moon (
    moon_id integer NOT NULL,
    name character varying(40) NOT NULL,
    age_in_millions_of_years numeric(5,2),
    description text,
    has_life boolean,
    is_spherical boolean,
    distance_from_earth integer,
    planet_id integer
);


ALTER TABLE public.moon OWNER TO freecodecamp;

--
-- Name: moon_moon_id_seq; Type: SEQUENCE; Schema: public; Owner: freecodecamp
--

CREATE SEQUENCE public.moon_moon_id_seq
    AS integer
    START WITH 1
    INCREMENT BY 1
    NO MINVALUE
    NO MAXVALUE
    CACHE 1;


ALTER TABLE public.moon_moon_id_seq OWNER TO freecodecamp;

--
-- Name: moon_moon_id_seq; Type: SEQUENCE OWNED BY; Schema: public; Owner: freecodecamp
--

ALTER SEQUENCE public.moon_moon_id_seq OWNED BY public.moon.moon_id;


--
-- Name: planet; Type: TABLE; Schema: public; Owner: freecodecamp
--

CREATE TABLE public.planet (
    planet_id integer NOT NULL,
    name character varying(40) NOT NULL,
    age_in_millions_of_years numeric(5,2),
    description text,
    has_life boolean,
    distance_from_earth integer,
    star_id integer,
    planet_types_id integer
);


ALTER TABLE public.planet OWNER TO freecodecamp;

--
-- Name: planet_planet_id_seq; Type: SEQUENCE; Schema: public; Owner: freecodecamp
--

CREATE SEQUENCE public.planet_planet_id_seq
    AS integer
    START WITH 1
    INCREMENT BY 1
    NO MINVALUE
    NO MAXVALUE
    CACHE 1;


ALTER TABLE public.planet_planet_id_seq OWNER TO freecodecamp;

--
-- Name: planet_planet_id_seq; Type: SEQUENCE OWNED BY; Schema: public; Owner: freecodecamp
--

ALTER SEQUENCE public.planet_planet_id_seq OWNED BY public.planet.planet_id;


--
-- Name: planet_types; Type: TABLE; Schema: public; Owner: freecodecamp
--

CREATE TABLE public.planet_types (
    planet_types_id integer NOT NULL,
    name character varying(64) NOT NULL,
    description text
);


ALTER TABLE public.planet_types OWNER TO freecodecamp;

--
-- Name: planet_types_planet_type_id_seq; Type: SEQUENCE; Schema: public; Owner: freecodecamp
--

CREATE SEQUENCE public.planet_types_planet_type_id_seq
    AS integer
    START WITH 1
    INCREMENT BY 1
    NO MINVALUE
    NO MAXVALUE
    CACHE 1;


ALTER TABLE public.planet_types_planet_type_id_seq OWNER TO freecodecamp;

--
-- Name: planet_types_planet_type_id_seq; Type: SEQUENCE OWNED BY; Schema: public; Owner: freecodecamp
--

ALTER SEQUENCE public.planet_types_planet_type_id_seq OWNED BY public.planet_types.planet_types_id;


--
-- Name: star; Type: TABLE; Schema: public; Owner: freecodecamp
--

CREATE TABLE public.star (
    star_id integer NOT NULL,
    name character varying(40) NOT NULL,
    age_in_millions_of_years numeric(5,2),
    description text,
    galaxy_id integer
);


ALTER TABLE public.star OWNER TO freecodecamp;

--
-- Name: star_star_id_seq; Type: SEQUENCE; Schema: public; Owner: freecodecamp
--

CREATE SEQUENCE public.star_star_id_seq
    AS integer
    START WITH 1
    INCREMENT BY 1
    NO MINVALUE
    NO MAXVALUE
    CACHE 1;


ALTER TABLE public.star_star_id_seq OWNER TO freecodecamp;

--
-- Name: star_star_id_seq; Type: SEQUENCE OWNED BY; Schema: public; Owner: freecodecamp
--

ALTER SEQUENCE public.star_star_id_seq OWNED BY public.star.star_id;


--
-- Name: galaxy galaxy_id; Type: DEFAULT; Schema: public; Owner: freecodecamp
--

ALTER TABLE ONLY public.galaxy ALTER COLUMN galaxy_id SET DEFAULT nextval('public.galaxy_galaxy_id_seq'::regclass);


--
-- Name: galaxy_types galaxy_types_id; Type: DEFAULT; Schema: public; Owner: freecodecamp
--

ALTER TABLE ONLY public.galaxy_types ALTER COLUMN galaxy_types_id SET DEFAULT nextval('public.galaxy_types_galaxy_type_id_seq'::regclass);


--
-- Name: moon moon_id; Type: DEFAULT; Schema: public; Owner: freecodecamp
--

ALTER TABLE ONLY public.moon ALTER COLUMN moon_id SET DEFAULT nextval('public.moon_moon_id_seq'::regclass);


--
-- Name: planet planet_id; Type: DEFAULT; Schema: public; Owner: freecodecamp
--

ALTER TABLE ONLY public.planet ALTER COLUMN planet_id SET DEFAULT nextval('public.planet_planet_id_seq'::regclass);


--
-- Name: planet_types planet_types_id; Type: DEFAULT; Schema: public; Owner: freecodecamp
--

ALTER TABLE ONLY public.planet_types ALTER COLUMN planet_types_id SET DEFAULT nextval('public.planet_types_planet_type_id_seq'::regclass);


--
-- Name: star star_id; Type: DEFAULT; Schema: public; Owner: freecodecamp
--

ALTER TABLE ONLY public.star ALTER COLUMN star_id SET DEFAULT nextval('public.star_star_id_seq'::regclass);


--
-- Data for Name: galaxy; Type: TABLE DATA; Schema: public; Owner: freecodecamp
--

INSERT INTO public.galaxy VALUES (1, 'Milky Way', NULL, NULL, NULL);
INSERT INTO public.galaxy VALUES (2, 'Andromeda', NULL, NULL, NULL);
INSERT INTO public.galaxy VALUES (3, 'Messier 87', NULL, NULL, NULL);
INSERT INTO public.galaxy VALUES (4, 'Pinwheel', NULL, NULL, NULL);
INSERT INTO public.galaxy VALUES (5, 'Cartwheel', NULL, NULL, NULL);
INSERT INTO public.galaxy VALUES (6, 'Sombrero', NULL, NULL, NULL);
INSERT INTO public.galaxy VALUES (7, 'Tadpole', NULL, NULL, NULL);


--
-- Data for Name: galaxy_types; Type: TABLE DATA; Schema: public; Owner: freecodecamp
--

INSERT INTO public.galaxy_types VALUES (1, 'spiral', NULL);
INSERT INTO public.galaxy_types VALUES (2, 'elliptical', NULL);
INSERT INTO public.galaxy_types VALUES (3, 'lenticular', NULL);
INSERT INTO public.galaxy_types VALUES (4, 'irregular', NULL);


--
-- Data for Name: moon; Type: TABLE DATA; Schema: public; Owner: freecodecamp
--

INSERT INTO public.moon VALUES (1, 'Moon', NULL, NULL, NULL, NULL, NULL, 3);
INSERT INTO public.moon VALUES (2, 'Io', NULL, NULL, NULL, NULL, NULL, 5);
INSERT INTO public.moon VALUES (3, 'Europa', NULL, NULL, NULL, NULL, NULL, 5);
INSERT INTO public.moon VALUES (4, 'Thebe', NULL, NULL, NULL, NULL, NULL, 5);
INSERT INTO public.moon VALUES (5, 'Carme', NULL, NULL, NULL, NULL, NULL, 5);
INSERT INTO public.moon VALUES (6, 'Lapetus', NULL, NULL, NULL, NULL, NULL, 5);
INSERT INTO public.moon VALUES (7, 'Carpo', NULL, NULL, NULL, NULL, NULL, 5);
INSERT INTO public.moon VALUES (8, 'Mimas', NULL, NULL, NULL, NULL, NULL, 5);
INSERT INTO public.moon VALUES (9, 'Titan', NULL, NULL, NULL, NULL, NULL, 5);
INSERT INTO public.moon VALUES (10, 'Callisto', NULL, NULL, NULL, NULL, NULL, 6);
INSERT INTO public.moon VALUES (11, 'Elara', NULL, NULL, NULL, NULL, NULL, 6);
INSERT INTO public.moon VALUES (12, 'Mneme', NULL, NULL, NULL, NULL, NULL, 6);
INSERT INTO public.moon VALUES (13, 'Herse', NULL, NULL, NULL, NULL, NULL, 6);
INSERT INTO public.moon VALUES (14, 'Sinope', NULL, NULL, NULL, NULL, NULL, 6);
INSERT INTO public.moon VALUES (15, 'Dione', NULL, NULL, NULL, NULL, NULL, 6);
INSERT INTO public.moon VALUES (16, 'Himalia', NULL, NULL, NULL, NULL, NULL, 6);
INSERT INTO public.moon VALUES (17, 'Sponde', NULL, NULL, NULL, NULL, NULL, 6);
INSERT INTO public.moon VALUES (18, 'Euporie', NULL, NULL, NULL, NULL, NULL, 6);
INSERT INTO public.moon VALUES (19, 'Cyllene', NULL, NULL, NULL, NULL, NULL, 7);
INSERT INTO public.moon VALUES (20, 'Aoede', NULL, NULL, NULL, NULL, NULL, 7);
INSERT INTO public.moon VALUES (21, 'Locaste', NULL, NULL, NULL, NULL, NULL, 7);
INSERT INTO public.moon VALUES (22, 'Helike', NULL, NULL, NULL, NULL, NULL, 7);


--
-- Data for Name: planet; Type: TABLE DATA; Schema: public; Owner: freecodecamp
--

INSERT INTO public.planet VALUES (1, 'Mecury', NULL, NULL, NULL, NULL, 9, NULL);
INSERT INTO public.planet VALUES (2, 'Venus', NULL, NULL, NULL, NULL, 9, NULL);
INSERT INTO public.planet VALUES (3, 'Earth', NULL, NULL, NULL, NULL, 9, NULL);
INSERT INTO public.planet VALUES (4, 'Mars', NULL, NULL, NULL, NULL, 9, NULL);
INSERT INTO public.planet VALUES (5, 'Jupiter', NULL, NULL, NULL, NULL, 9, NULL);
INSERT INTO public.planet VALUES (6, 'Saturn', NULL, NULL, NULL, NULL, 9, NULL);
INSERT INTO public.planet VALUES (7, 'Neptune', NULL, NULL, NULL, NULL, 9, NULL);
INSERT INTO public.planet VALUES (8, 'Pluto', NULL, NULL, NULL, NULL, 9, NULL);
INSERT INTO public.planet VALUES (9, 'Kepler-186f', NULL, NULL, NULL, NULL, 9, NULL);
INSERT INTO public.planet VALUES (10, 'HAT-P-1b', NULL, NULL, NULL, NULL, 9, NULL);
INSERT INTO public.planet VALUES (11, 'HAT-P-2b', NULL, NULL, NULL, NULL, 9, NULL);
INSERT INTO public.planet VALUES (12, '51 Pegasi b', NULL, NULL, NULL, NULL, 9, NULL);


--
-- Data for Name: planet_types; Type: TABLE DATA; Schema: public; Owner: freecodecamp
--

INSERT INTO public.planet_types VALUES (1, 'gas giant', NULL);
INSERT INTO public.planet_types VALUES (2, 'terrestial', NULL);
INSERT INTO public.planet_types VALUES (3, 'dwarf', NULL);
INSERT INTO public.planet_types VALUES (4, 'ice giant', NULL);


--
-- Data for Name: star; Type: TABLE DATA; Schema: public; Owner: freecodecamp
--

INSERT INTO public.star VALUES (1, 'Antares', NULL, NULL, 1);
INSERT INTO public.star VALUES (2, 'Vega', NULL, NULL, 1);
INSERT INTO public.star VALUES (3, 'Fomalhaut', NULL, NULL, 1);
INSERT INTO public.star VALUES (4, 'Alnilam', NULL, NULL, 1);
INSERT INTO public.star VALUES (5, 'Betelgeuse', NULL, NULL, 1);
INSERT INTO public.star VALUES (6, 'Arcturus', NULL, NULL, 1);
INSERT INTO public.star VALUES (7, 'Achernar', NULL, NULL, 1);
INSERT INTO public.star VALUES (8, 'Deneb', NULL, NULL, 1);
INSERT INTO public.star VALUES (9, 'Sun', NULL, NULL, 1);


--
-- Name: galaxy_galaxy_id_seq; Type: SEQUENCE SET; Schema: public; Owner: freecodecamp
--

SELECT pg_catalog.setval('public.galaxy_galaxy_id_seq', 7, true);


--
-- Name: galaxy_types_galaxy_type_id_seq; Type: SEQUENCE SET; Schema: public; Owner: freecodecamp
--

SELECT pg_catalog.setval('public.galaxy_types_galaxy_type_id_seq', 4, true);


--
-- Name: moon_moon_id_seq; Type: SEQUENCE SET; Schema: public; Owner: freecodecamp
--

SELECT pg_catalog.setval('public.moon_moon_id_seq', 22, true);


--
-- Name: planet_planet_id_seq; Type: SEQUENCE SET; Schema: public; Owner: freecodecamp
--

SELECT pg_catalog.setval('public.planet_planet_id_seq', 12, true);


--
-- Name: planet_types_planet_type_id_seq; Type: SEQUENCE SET; Schema: public; Owner: freecodecamp
--

SELECT pg_catalog.setval('public.planet_types_planet_type_id_seq', 4, true);


--
-- Name: star_star_id_seq; Type: SEQUENCE SET; Schema: public; Owner: freecodecamp
--

SELECT pg_catalog.setval('public.star_star_id_seq', 9, true);


--
-- Name: galaxy galaxy_name_key; Type: CONSTRAINT; Schema: public; Owner: freecodecamp
--

ALTER TABLE ONLY public.galaxy
    ADD CONSTRAINT galaxy_name_key UNIQUE (name);


--
-- Name: galaxy galaxy_pkey; Type: CONSTRAINT; Schema: public; Owner: freecodecamp
--

ALTER TABLE ONLY public.galaxy
    ADD CONSTRAINT galaxy_pkey PRIMARY KEY (galaxy_id);


--
-- Name: galaxy_types galaxy_types_name_key; Type: CONSTRAINT; Schema: public; Owner: freecodecamp
--

ALTER TABLE ONLY public.galaxy_types
    ADD CONSTRAINT galaxy_types_name_key UNIQUE (name);


--
-- Name: galaxy_types galaxy_types_pkey; Type: CONSTRAINT; Schema: public; Owner: freecodecamp
--

ALTER TABLE ONLY public.galaxy_types
    ADD CONSTRAINT galaxy_types_pkey PRIMARY KEY (galaxy_types_id);


--
-- Name: moon moon_name_key; Type: CONSTRAINT; Schema: public; Owner: freecodecamp
--

ALTER TABLE ONLY public.moon
    ADD CONSTRAINT moon_name_key UNIQUE (name);


--
-- Name: moon moon_pkey; Type: CONSTRAINT; Schema: public; Owner: freecodecamp
--

ALTER TABLE ONLY public.moon
    ADD CONSTRAINT moon_pkey PRIMARY KEY (moon_id);


--
-- Name: planet planet_name_key; Type: CONSTRAINT; Schema: public; Owner: freecodecamp
--

ALTER TABLE ONLY public.planet
    ADD CONSTRAINT planet_name_key UNIQUE (name);


--
-- Name: planet planet_pkey; Type: CONSTRAINT; Schema: public; Owner: freecodecamp
--

ALTER TABLE ONLY public.planet
    ADD CONSTRAINT planet_pkey PRIMARY KEY (planet_id);


--
-- Name: planet_types planet_types_name_key; Type: CONSTRAINT; Schema: public; Owner: freecodecamp
--

ALTER TABLE ONLY public.planet_types
    ADD CONSTRAINT planet_types_name_key UNIQUE (name);


--
-- Name: planet_types planet_types_pkey; Type: CONSTRAINT; Schema: public; Owner: freecodecamp
--

ALTER TABLE ONLY public.planet_types
    ADD CONSTRAINT planet_types_pkey PRIMARY KEY (planet_types_id);


--
-- Name: star star_name_key; Type: CONSTRAINT; Schema: public; Owner: freecodecamp
--

ALTER TABLE ONLY public.star
    ADD CONSTRAINT star_name_key UNIQUE (name);


--
-- Name: star star_pkey; Type: CONSTRAINT; Schema: public; Owner: freecodecamp
--

ALTER TABLE ONLY public.star
    ADD CONSTRAINT star_pkey PRIMARY KEY (star_id);


--
-- Name: galaxy galaxy_galaxy_type_id_fkey; Type: FK CONSTRAINT; Schema: public; Owner: freecodecamp
--

ALTER TABLE ONLY public.galaxy
    ADD CONSTRAINT galaxy_galaxy_type_id_fkey FOREIGN KEY (galaxy_types_id) REFERENCES public.galaxy_types(galaxy_types_id);


--
-- Name: moon moon_planet_id_fkey; Type: FK CONSTRAINT; Schema: public; Owner: freecodecamp
--

ALTER TABLE ONLY public.moon
    ADD CONSTRAINT moon_planet_id_fkey FOREIGN KEY (planet_id) REFERENCES public.planet(planet_id);


--
-- Name: planet planet_planet_type_id_fkey; Type: FK CONSTRAINT; Schema: public; Owner: freecodecamp
--

ALTER TABLE ONLY public.planet
    ADD CONSTRAINT planet_planet_type_id_fkey FOREIGN KEY (planet_types_id) REFERENCES public.planet_types(planet_types_id);


--
-- Name: planet planet_star_id_fkey; Type: FK CONSTRAINT; Schema: public; Owner: freecodecamp
--

ALTER TABLE ONLY public.planet
    ADD CONSTRAINT planet_star_id_fkey FOREIGN KEY (star_id) REFERENCES public.star(star_id);


--
-- Name: star star_galaxy_id_fkey; Type: FK CONSTRAINT; Schema: public; Owner: freecodecamp
--

ALTER TABLE ONLY public.star
    ADD CONSTRAINT star_galaxy_id_fkey FOREIGN KEY (galaxy_id) REFERENCES public.galaxy(galaxy_id);


--
-- PostgreSQL database dump complete
--

